账号,密码,登录状态,VIP奖励,好有日常,世界聊天,竞技场,斗塔,名将招募,商店购买,军团任务,野外,征战,领取任务奖励,助战,活动,退出登录
202508001,,,,,,,,,,,,,,,,
202508002,,,,,,,,,,,,,,,,
202508003,,,,,,,,,,,,,,,,
202508004,,,,,,,,,,,,,,,,
202508005,,,,,,,,,,,,,,,,
202508006,,,,,,,,,,,,,,,,
202508007,,,,,,,,,,,,,,,,
202508008,,,,,,,,,,,,,,,,
202508009,,,,,,,,,,,,,,,,
202508010,,,,,,,,,,,,,,,,
202508011,,,,,,,,,,,,,,,,
202508012,,,,,,,,,,,,,,,,
202508013,,,,,,,,,,,,,,,,
202508014,,,,,,,,,,,,,,,,
202508015,,,,,,,,,,,,,,,,
202508016,,,,,,,,,,,,,,,,
202508017,,,,,,,,,,,,,,,,
202508018,,,,,,,,,,,,,,,,
202508019,,,,,,,,,,,,,,,,
202508020,,,,,,,,,,,,,,,,
202508021,,,,,,,,,,,,,,,,
202508022,,,,,,,,,,,,,,,,
202508023,,,,,,,,,,,,,,,,
202508024,,,,,,,,,,,,,,,,
202508025,,,,,,,,,,,,,,,,
202508026,,,,,,,,,,,,,,,,
202508027,,,,,,,,,,,,,,,,
202508028,,,,,,,,,,,,,,,,
